Student_ID,Age,Gender,Study_Hours,Attendance(%),Test_Score,Grade
S0524,21,Female,2.7,74.0,37.0,F
S0603,19,Male,1.5,93.1,26.0,F
S0527,20,Female,6.8,97.2,88.0,A
S0032,18,Female,6.2,93.5,55.0,C
S0617,21,Male,7.4,99.2,77.0,B
S0586,21,Male,4.0,68.8,48.0,F
S0445,23,Female,5.1,77.7,37.0,F
S0733,19,Female,5.7,97.4,58.0,C
S0077,23,Male,6.5,87.4,70.0,B
S0412,22,Male,,104.8,49.0,F
S0569,18,Female,5.5,100.0,54.0,C
S0071,21,Female,4.5,74.0,39.0,F
S0676,24,Male,3.6,93.5,25.0,F
S0102,24,Female,7.2,94.0,72.0,B
S0895,18,Male,5.5,90.2,41.0,F
S0926,20,Male,3.3,80.2,28.0,F
S0630,21,Female,2.0,91.4,21.0,F
S0300,21,Male,5.6,87.6,53.0,C
S0925,23,Male,7.1,83.2,57.0,C
S0425,20,Female,5.9,79.5,71.0,B
S0097,21,Male,5.7,83.3,46.0,F
S0901,20,Female,5.3,74.0,52.0,C
S0261,19,Female,4.3,82.3,47.0,F
S0351,23,Female,6.9,83.0,66.0,B
S0529,24,Male,4.9,,51.0,C
S0695,20,Female,6.0,70.8,46.0,F
S0362,19,Female,,85.4,64.0,C
S0612,20,Male,6.8,95.0,66.0,B
S0885,24,Male,7.8,71.9,61.0,C
S0721,21,Female,2.8,80.3,37.0,F
S0487,20,Female,3.7,72.0,29.0,F
S0694,22,Male,4.7,69.7,33.0,F
S0679,21,Male,8.3,81.1,85.0,A
S0810,18,Male,3.9,74.0,40.0,F
S0409,21,Female,7.0,87.1,59.0,C
S0741,24,Female,4.4,88.3,28.0,F
S0214,24,Male,9.0,84.7,100.0,A+
S0590,22,Female,7.4,89.2,86.0,A
S0366,22,Male,3.1,90.7,27.0,F
S0200,22,Male,4.8,72.1,53.0,C
S0637,22,Female,8.6,90.4,89.0,A
S0629,20,Male,5.1,96.1,56.0,C
S0829,20,Female,5.6,81.7,62.0,C
S0353,23,Male,1.2,89.5,0.0,
S0330,18,Female,3.6,93.5,33.0,F
S0982,21,Male,4.6,95.5,41.0,F
S0838,24,Male,5.0,91.4,52.0,C
S0245,23,Female,0.8,80.6,32.0,F
S0287,23,Female,4.9,90.4,50.0,F
S0290,18,Female,5.6,,55.0,C
S0599,24,Female,6.1,85.2,62.0,C
S0762,23,Male,5.7,78.8,53.0,C
S0060,21,Female,20.0,73.2,62.0,C
S0623,22,Male,5.7,86.5,50.0,F
S0319,24,Male,3.2,,30.0,F
S0011,24,Female,,90.1,20.0,F
S0238,21,Female,4.8,76.8,61.0,C
S0332,18,Female,7.3,82.6,79.0,B
S0706,21,Male,1.1,61.7,35.0,F
S0087,21,Male,5.4,82.8,64.0,C
S0804,22,Male,6.8,80.2,62.0,C
S0175,22,Female,7.0,99.6,82.0,A
S0313,18,Female,7.6,78.0,83.0,A
S0463,20,Female,9.3,103.0,100.0,A+
S0219,18,Female,6.6,94.6,54.0,C
S0031,21,Male,4.3,89.7,36.0,F
S0548,24,Male,0.4,68.3,18.0,F
S0665,21,Female,1.6,78.3,10.0,F
S0055,18,Male,,70.9,53.0,C
S0024,21,Male,4.2,78.5,49.0,F
S0257,18,Male,5.7,81.0,58.0,C
S0451,19,Female,3.9,82.5,50.0,F
S0004,24,Male,6.4,88.4,62.0,C
S0834,24,Female,5.4,96.6,64.0,C
S0553,22,Male,1.8,78.6,10.0,F
S0639,19,Male,5.7,80.2,54.0,C
S0478,20,Female,4.3,95.0,37.0,F
S0957,20,Male,4.5,70.7,39.0,F
S0663,22,Female,6.2,95.5,47.0,F
S0519,20,Male,2.9,96.1,8.0,F
S0961,18,Male,8.0,66.1,89.0,A
S0954,19,Male,6.6,74.4,68.0,B
S0980,24,Female,10.5,95.4,100.0,A+
S0576,23,Male,7.3,69.6,72.0,B
S0540,24,Male,9.1,96.5,98.0,A+
S0216,18,Female,8.6,75.5,79.0,B
S0738,20,Male,4.6,83.1,39.0,F
S0999,21,Male,6.8,75.9,65.0,C
S0714,22,Male,5.3,107.2,51.0,C
S0668,18,Male,3.5,71.4,51.0,C
S0040,24,Female,3.1,89.9,17.0,F
S0232,18,Male,7.1,92.6,75.0,B
S0495,19,Female,1.4,89.5,9.0,F
S0705,24,Male,7.4,98.4,71.0,B
S0968,18,Male,0.6,91.8,6.0,F
S0067,19,Female,3.6,85.1,44.0,F
S0295,22,Male,2.8,82.6,26.0,F
S0068,21,Female,6.0,80.2,49.0,F
S0480,24,Male,7.6,84.3,77.0,B
S0329,21,Female,0.5,73.3,10.0,F
S0627,18,Male,6.6,93.1,76.0,B
S0108,19,Female,7.0,79.3,72.0,B
S0984,23,Female,4.6,65.4,40.0,F
S0347,21,Male,4.9,106.9,55.0,C
S0299,20,Male,3.5,,47.0,F
S0644,22,Female,5.0,84.8,68.0,B
S0308,21,Male,3.1,83.2,23.0,F
S0855,21,Male,4.4,95.7,45.0,F
S0507,22,Female,3.9,82.6,53.0,C
S0297,21,Female,2.8,94.8,22.0,F
S0881,23,Male,4.2,85.0,47.0,F
S0667,22,Male,8.4,73.5,78.0,B
S0101,23,Female,6.5,87.9,49.0,F
S0089,22,Female,4.6,74.4,35.0,F
S0064,18,Male,6.0,80.4,54.0,C
S0844,20,Male,,88.2,49.0,F
S0889,23,Male,7.1,72.9,80.0,B
S0140,21,Female,3.5,86.9,44.0,F
S0758,19,Male,6.1,78.1,57.0,C
S0616,20,Male,3.4,87.1,33.0,F
S0500,23,Male,3.4,89.5,42.0,F
S0666,19,Male,7.9,,90.0,A
S0585,24,Female,2.5,81.7,23.0,F
S0110,22,Female,7.6,87.4,83.0,A
S0917,22,Male,5.7,83.3,55.0,C
S0651,18,Male,6.4,90.4,50.0,F
S0534,19,Female,3.4,78.4,49.0,F
S0446,24,Male,6.6,74.8,60.0,C
S0606,22,Female,5.3,90.7,59.0,C
S0137,24,Male,2.9,83.6,48.0,F
S0812,18,Male,5.4,84.5,66.0,B
S0515,22,Male,1.9,88.8,17.0,F
S0754,18,Female,3.8,78.4,46.0,F
S0159,23,Female,5.0,90.8,35.0,F
S0311,24,Female,6.4,101.7,45.0,F
S0328,21,Female,8.1,100.8,70.0,B
S0137,24,Male,2.9,83.6,48.0,F
S0936,22,Female,5.1,80.4,48.0,F
S0255,22,Male,7.4,97.4,87.0,A
S0276,21,Male,10.9,70.9,100.0,A+
S0902,22,Male,7.2,81.9,79.0,B
S0185,24,Female,3.8,83.5,41.0,F
S0583,19,Female,6.2,85.4,63.0,C
S0661,18,Female,3.4,63.6,29.0,F
S0897,18,Male,3.1,93.5,36.0,F
S0210,23,Female,6.7,85.7,64.0,C
S0169,18,Female,4.5,86.1,57.0,C
S0867,23,Female,3.7,82.9,23.0,F
S0281,24,Male,5.6,82.8,52.0,C
S0900,18,Female,0.4,115.6,1.0,F
S0542,21,Male,4.9,90.2,42.0,F
S0056,24,Female,5.8,97.1,55.0,C
S0121,18,Male,5.1,87.6,43.0,F
S0555,18,Male,4.8,73.9,46.0,F
S0026,18,Male,3.6,80.1,24.0,F
S0073,21,Male,6.6,67.0,81.0,A
S0539,24,Male,1.1,98.9,3.0,F
S0045,20,Male,-2.0,100.9,4.0,F
S0498,21,Female,5.6,99.4,47.0,F
S0199,19,Male,10.9,106.9,100.0,A+
S0378,18,Male,2.4,82.9,14.0,F
S0315,21,Male,5.2,90.4,55.0,C
S0719,20,Female,4.6,89.3,37.0,F
S0209,21,Female,6.9,73.4,64.0,C
S0722,22,Male,4.9,72.2,70.0,B
S0919,23,Male,3.2,76.0,32.0,F
S0536,19,Female,25.0,83.4,24.0,F
S0696,20,Female,2.3,91.0,26.0,F
S0605,22,Female,6.2,88.6,76.0,B
S0591,24,Male,3.8,76.4,49.0,F
S0291,18,Female,4.1,95.5,24.0,F
S0960,21,Female,5.3,84.8,38.0,F
S0333,23,Female,4.1,,36.0,F
S0211,23,Female,1.3,77.6,2.0,F
S0343,20,Male,4.5,79.7,59.0,C
S0061,23,Male,7.0,68.7,82.0,A
S0345,23,Male,4.6,93.4,42.0,F
S0891,20,Female,6.4,81.0,64.0,C
S0712,24,Male,6.5,82.6,66.0,B
S0468,19,Male,5.0,86.1,61.0,C
S0424,24,Female,5.2,71.7,69.0,B
S0260,19,Female,5.8,106.0,69.0,B
S0781,23,Male,8.5,86.5,90.0,A
S0406,20,Male,3.5,79.0,27.0,F
S0789,20,Male,3.7,103.6,32.0,F
S0768,18,Female,4.1,106.1,49.0,F
S0484,24,Female,5.4,91.8,41.0,F
S0531,21,Male,4.2,78.0,66.0,B
S0811,18,Female,1.3,86.0,2.0,F
S1000,23,Female,3.9,77.8,36.0,F
S0967,20,Female,4.1,96.3,55.0,C
S0111,19,Female,4.6,87.7,52.0,C
S0996,23,Female,4.6,89.0,35.0,F
S0559,22,Male,5.6,67.5,68.0,B
S0794,23,Male,3.5,94.3,36.0,F
S0937,23,Male,5.7,78.9,57.0,C
S0920,21,Female,5.2,95.0,55.0,C
S0943,22,Female,1.4,98.7,5.0,F
S0320,24,Female,8.1,79.0,79.0,B
S0517,23,Female,6.0,78.5,47.0,F
S0450,19,Female,5.5,93.2,58.0,C
S0784,19,Male,5.1,87.2,36.0,F
S0594,23,Male,8.6,86.9,88.0,A
S0910,22,Male,6.5,83.5,60.0,C
S0744,19,Male,5.0,95.2,52.0,C
S0138,19,Male,4.9,,57.0,C
S0800,18,Female,4.9,83.4,42.0,F
S0934,20,Female,4.1,82.7,24.0,F
S0823,23,Male,6.7,92.1,75.0,B
S0766,23,Female,3.9,94.7,47.0,F
S0262,21,Male,3.9,88.7,27.0,F
S0568,23,Male,5.2,76.9,44.0,F
S0833,19,Male,3.5,72.6,31.0,F
S0382,23,Male,6.5,74.2,72.0,B
S0334,21,Female,5.0,66.6,36.0,F
S0537,22,Male,3.0,90.4,19.0,F
S0352,21,Female,3.8,72.7,20.0,F
S0786,20,Female,5.1,99.4,33.0,F
S0452,19,Male,5.7,96.3,58.0,C
S0079,21,Male,8.0,69.6,87.0,A
S0030,22,Male,5.3,97.9,53.0,C
S0713,22,Male,1.2,90.5,12.0,F
S0278,20,Male,5.8,86.2,57.0,C
S0248,21,Female,7.5,83.8,57.0,C
S0658,20,Female,2.8,73.8,15.0,F
S0307,24,Female,1.6,81.0,23.0,F
S0166,23,Female,8.6,68.7,90.0,A
S0817,21,Female,6.5,74.9,75.0,B
S0179,18,Male,5.6,83.4,61.0,C
S0486,23,Male,4.4,90.4,44.0,F
S0066,22,Female,3.3,73.5,29.0,F
S0142,18,Female,4.4,82.6,49.0,F
S0437,19,Male,3.2,75.5,32.0,F
S0523,19,Male,4.0,75.0,38.0,F
S0845,24,Female,5.1,84.0,45.0,F
S0421,18,Male,3.8,,45.0,F
S0405,21,Male,,77.9,60.0,C
S0680,18,Male,6.9,100.9,69.0,B
S0266,18,Female,2.9,80.8,42.0,F
S0880,22,Female,2.8,83.4,24.0,F
S0293,20,Female,5.4,86.2,44.0,F
S0222,20,Female,2.5,96.3,35.0,F
S0828,21,Female,4.0,84.3,52.0,C
S0236,20,Female,5.6,71.7,59.0,C
S0526,23,Male,4.4,69.8,33.0,F
S0193,24,Female,4.3,68.5,60.0,C
S0322,19,Female,4.4,75.1,31.0,F
S0050,20,Male,2.7,72.9,27.0,F
S0892,22,Male,6.3,103.2,63.0,C
S0003,22,Male,2.9,77.9,33.0,F
S0818,22,Female,4.6,92.0,40.0,F
S0371,18,Male,5.9,98.9,75.0,B
S0922,22,Male,4.4,85.7,28.0,F
S0250,23,Female,2.2,85.2,21.0,F
S0549,19,Male,5.6,,57.0,C
S0433,18,Female,5.2,80.2,48.0,F
S0939,23,Male,5.5,74.9,48.0,F
S0508,21,Male,,87.7,36.0,F
S0034,20,Male,7.2,77.5,81.0,A
S0205,21,Female,4.0,93.4,44.0,F
S0890,19,Female,2.4,88.7,7.0,F
S0589,23,Male,6.3,81.1,66.0,B
S0731,23,Male,5.8,74.0,74.0,B
S0078,18,Male,2.3,94.0,25.0,F
S0085,23,Male,,100.7,64.0,C
S0306,21,Male,5.7,75.6,51.0,C
S0083,23,Female,6.1,86.8,64.0,C
S0449,20,Female,3.5,97.2,35.0,F
S0998,24,Male,8.1,87.9,93.0,A+
S0752,22,Male,5.2,79.4,62.0,C
S0532,19,Male,5.0,94.3,45.0,F
S0324,24,Male,3.8,99.1,29.0,F
S0496,23,Male,3.7,79.7,59.0,C
S0911,18,Female,5.4,94.3,48.0,F
S0006,22,Male,3.3,62.9,37.0,F
S0426,21,Female,9.2,74.7,80.0,B
S0491,23,Male,4.3,91.3,46.0,F
S0098,23,Male,3.9,73.9,42.0,F
S0762,23,Male,5.7,78.8,53.0,C
S0423,22,Male,7.1,89.1,83.0,A
S0886,18,Male,7.0,93.7,67.0,B
S0282,23,Male,3.7,58.6,36.0,F
S0267,18,Male,4.6,97.7,43.0,F
S0443,19,Male,3.9,91.9,53.0,C
S0746,21,Female,2.7,78.0,28.0,F
S0383,24,Female,6.5,89.7,76.0,B
S0693,23,Female,3.3,86.1,59.0,C
S0894,24,Male,6.7,89.7,73.0,B
S0535,22,Female,5.2,80.7,44.0,F
S0119,24,Female,3.6,84.9,31.0,F
S0389,22,Male,,77.0,52.0,C
S0251,24,Male,3.3,70.6,48.0,F
S0944,21,Male,3.6,73.6,31.0,F
S0454,18,Male,6.2,73.0,72.0,B
S0010,20,Male,8.2,80.1,94.0,A+
S0197,21,Male,6.2,85.1,65.0,C
S0619,18,Male,6.8,86.5,44.0,F
S0082,19,Female,4.2,64.6,53.0,C
S0399,24,Female,1.9,96.9,21.0,F
S0502,23,Female,2.4,75.0,22.0,F
S0635,23,Female,1.2,68.8,0.0,
S0240,20,Female,2.5,85.7,37.0,F
S0310,18,Male,6.1,77.0,54.0,C
S0212,20,Male,3.2,93.9,14.0,F
S0835,18,Male,5.4,91.7,57.0,C
S0381,20,Male,4.4,78.0,36.0,F
S0602,20,Male,2.4,97.9,29.0,F
S0228,20,Female,4.4,78.4,58.0,C
S0874,22,Female,7.5,101.0,75.0,B
S0360,19,Male,,86.6,52.0,C
S0814,22,Male,7.7,96.1,77.0,B
S0178,24,Female,,85.8,28.0,F
S0995,18,Female,6.7,76.1,70.0,B
S0757,19,Male,2.8,74.2,34.0,F
S0494,19,Female,5.1,84.3,65.0,C
S0335,22,Male,2.7,88.3,35.0,F
S0893,22,Female,2.6,94.5,24.0,F
S0008,24,Female,3.7,81.9,27.0,F
S0156,20,Female,2.8,79.1,27.0,F
S0843,23,Male,2.6,88.7,30.0,F
S0751,23,Female,6.4,86.9,63.0,C
S0942,22,Male,10.4,79.2,93.0,A+
S0483,19,Male,4.5,80.8,52.0,C
S0847,20,Male,8.6,97.1,91.0,A+
S0750,24,Male,5.2,85.4,64.0,C
S0904,24,Male,4.9,90.4,39.0,F
S0592,19,Male,5.1,83.6,45.0,F
S0953,19,Female,3.0,87.4,28.0,F
S0581,21,Female,3.4,76.4,21.0,F
S0440,19,Female,4.4,95.5,72.0,B
S0543,22,Male,7.3,100.2,83.0,A
S0597,19,Female,3.3,101.8,18.0,F
S0724,18,Female,4.2,86.8,17.0,F
S0678,22,Female,8.8,86.6,99.0,A+
S0479,24,Female,2.9,93.2,20.0,F
S0229,24,Male,1.7,83.4,32.0,F
S0975,22,Female,4.6,102.0,41.0,F
S0815,23,Female,,76.8,64.0,C
S0213,19,Female,1.9,66.7,31.0,F
S0080,19,Female,5.4,70.1,39.0,F
S0149,22,Female,4.4,76.1,48.0,F
S0303,20,Female,5.7,91.7,63.0,C
S0356,18,Female,6.5,88.3,57.0,C
S0430,22,Male,8.9,92.1,92.0,A+
S0520,24,Female,4.6,104.3,39.0,F
S0363,19,Female,8.7,90.5,94.0,A+
S0595,22,Female,6.5,68.9,77.0,B
S0358,18,Male,1.8,68.8,20.0,F
S0134,20,Female,5.6,99.9,63.0,C
S0830,20,Male,6.5,89.9,61.0,C
S0312,19,Female,6.3,83.9,56.0,C
S0622,20,Male,6.0,78.8,62.0,C
S0465,18,Male,6.7,89.8,77.0,B
S0994,21,Female,1.3,93.6,26.0,F
S0001,24,Male,1.1,86.4,15.0,F
S0317,18,Male,2.4,82.9,30.0,F
S0723,24,Male,5.4,83.7,60.0,C
S0560,23,Female,6.6,83.7,69.0,B
S0372,23,Male,5.3,96.8,62.0,C
S0545,19,Female,0.4,82.1,0.0,
S0850,23,Male,6.2,91.4,76.0,B
S0395,22,Male,4.3,87.5,57.0,C
S0173,19,Female,5.4,80.4,53.0,C
S0126,21,Female,4.9,,30.0,F
S0899,24,Female,1.6,75.2,17.0,F
S0579,21,Female,5.6,101.6,54.0,C
S0949,21,Male,9.2,65.8,97.0,A+
S0921,18,Female,1.2,87.9,14.0,F
S0091,19,Male,4.3,72.4,42.0,F
S0971,24,Male,5.9,97.2,61.0,C
S0182,21,Male,5.7,77.4,35.0,F
S0364,23,Female,5.4,79.2,47.0,F
S0275,24,Male,0.8,76.2,4.0,F
S0913,18,Female,6.8,,87.0,A
S0070,24,Male,5.8,,59.0,C
S0292,21,Male,5.1,77.8,54.0,C
S0132,20,Male,6.2,81.6,52.0,C
S0301,20,Female,7.0,94.9,64.0,C
S0448,24,Female,7.5,77.5,69.0,B
S0327,18,Male,7.2,72.0,77.0,B
S0145,18,Male,1.8,80.9,8.0,F
S0552,18,Male,2.8,78.9,36.0,F
S0596,21,Female,6.2,80.6,68.0,B
S0656,19,Male,7.9,88.3,100.0,A+
S0136,19,Male,6.0,83.0,73.0,B
S0431,22,Male,4.5,97.7,60.0,C
S0165,24,Male,6.0,68.6,64.0,C
S0029,23,Male,3.3,93.6,41.0,F
S0588,23,Female,3.1,90.0,17.0,F
S0194,20,Female,5.4,97.0,59.0,C
S0791,22,Male,3.6,84.1,28.0,F
S0653,21,Male,4.0,86.4,46.0,F
S0170,24,Female,4.8,83.7,43.0,F
S0514,23,Female,3.5,74.9,38.0,F
S0141,24,Female,2.3,104.6,28.0,F
S0174,21,Male,2.9,82.8,20.0,F
S0007,22,Female,9.6,76.1,92.0,A+
S0657,22,Male,2.1,74.9,12.0,F
S0965,23,Female,4.8,90.4,43.0,F
S0074,22,Male,2.0,81.5,21.0,F
S0765,18,Female,4.1,97.9,30.0,F
S0654,19,Male,2.8,86.6,38.0,F
S0239,24,Male,6.6,86.9,64.0,C
S0146,24,Male,6.1,77.5,60.0,C
S0809,21,Male,7.6,94.3,79.0,B
S0235,18,Female,2.7,100.7,24.0,F
S0221,18,Male,6.1,76.4,63.0,C
S0501,24,Male,6.1,92.7,57.0,C
S0674,18,Male,4.4,85.1,40.0,F
S0133,18,Male,3.1,89.1,28.0,F
S0812,18,Male,5.4,84.5,66.0,B
S0434,20,Male,3.6,94.6,39.0,F
S0671,20,Female,5.4,95.6,57.0,C
S0186,24,Female,7.2,92.0,92.0,A+
S0042,23,Male,5.0,78.1,46.0,F
S0626,18,Male,4.8,87.8,41.0,F
S0109,24,Male,7.2,69.8,78.0,B
S0604,18,Male,1.1,75.3,30.0,F
S0057,19,Female,5.8,83.5,60.0,C
S0429,24,Female,6.4,85.1,56.0,C
S0469,24,Female,4.2,69.1,49.0,F
S0577,23,Male,4.1,82.9,35.0,F
S0878,23,Male,3.4,96.7,51.0,C
S0025,22,Female,3.6,111.8,35.0,F
S0441,20,Male,7.6,79.3,77.0,B
S0883,20,Female,4.0,96.1,30.0,F
S0544,18,Female,3.3,80.1,36.0,F
S0634,24,Female,7.2,74.8,80.0,B
S0831,21,Male,4.6,79.6,44.0,F
S0945,23,Female,7.9,81.2,75.0,B
S0339,18,Male,9.7,85.4,93.0,A+
S0052,20,Male,5.9,80.7,54.0,C
S0384,23,Female,3.6,92.1,39.0,F
S0528,18,Male,,76.3,57.0,C
S0939,23,Male,5.5,74.9,48.0,F
S0888,19,Female,5.3,74.8,70.0,B
S0265,22,Female,4.7,77.6,25.0,F
S0550,23,Female,5.4,85.8,46.0,F
S0914,20,Male,3.9,93.0,33.0,F
S0698,21,Male,6.2,79.1,56.0,C
S0396,23,Male,5.9,86.5,37.0,F
S0530,20,Male,4.7,83.5,52.0,C
S0869,18,Female,6.5,70.3,38.0,F
S0019,19,Male,4.3,88.8,39.0,F
S0732,24,Female,3.9,93.4,35.0,F
S0679,21,Male,8.3,81.1,85.0,A
S0582,19,Male,20.0,102.0,83.0,A
S0977,19,Male,7.2,51.8,71.0,B
S0368,21,Male,4.8,72.6,57.0,C
S0084,23,Male,5.1,73.2,56.0,C
S0062,19,Female,8.1,97.7,76.0,B
S0842,23,Female,7.9,76.9,100.0,A+
S0273,19,Male,4.7,86.9,36.0,F
S0286,23,Male,,85.2,42.0,F
S0361,23,Female,3.1,86.6,46.0,F
S0355,23,Male,,85.5,62.0,C
S0482,19,Male,5.3,94.2,76.0,B
S0279,20,Female,3.1,69.7,32.0,F
S0013,20,Female,4.0,97.3,44.0,F
S0183,23,Female,5.8,93.7,62.0,C
S0369,18,Female,3.8,75.4,47.0,F
S0600,19,Female,,84.1,52.0,C
S0631,22,Female,6.0,106.4,81.0,A
S0224,18,Female,6.6,77.2,50.0,F
S0972,24,Female,2.5,86.4,13.0,F
S0715,20,Female,7.1,87.5,81.0,A
S0778,20,Male,4.9,100.3,53.0,C
S0558,24,Male,7.4,78.4,76.0,B
S0466,22,Female,5.1,79.3,59.0,C
S0598,21,Male,5.7,80.1,74.0,B
S0708,24,Male,5.7,95.6,51.0,C
S0177,24,Male,4.0,83.2,34.0,F
S0681,24,Female,3.8,74.0,42.0,F
S0854,19,Male,5.7,91.3,48.0,F
S0955,23,Male,,73.3,47.0,F
S0457,23,Female,3.6,80.4,48.0,F
S0533,24,Female,6.7,103.1,49.0,F
S0394,19,Male,3.5,69.0,32.0,F
S0164,24,Female,5.0,84.8,60.0,C
S0249,21,Male,6.3,56.7,61.0,C
S0650,20,Female,,80.1,33.0,F
S0903,19,Male,5.5,68.5,55.0,C
S0685,20,Female,7.2,74.6,86.0,A
S0376,20,Male,5.8,100.6,50.0,F
S0413,23,Male,1.8,90.5,37.0,F
S0075,24,Male,5.0,84.1,43.0,F
S0114,21,Male,6.3,87.8,47.0,F
S0584,22,Female,7.6,82.4,70.0,B
S0573,22,Female,3.0,69.3,32.0,F
S0391,23,Male,9.4,77.4,92.0,A+
S0105,23,Male,2.5,80.5,33.0,F
S0115,21,Male,2.5,78.3,22.0,F
S0418,18,Female,4.6,82.1,58.0,C
S0669,20,Female,7.3,92.1,85.0,A
S0458,24,Male,4.5,73.6,56.0,C
S0410,21,Male,7.2,83.1,69.0,B
S0093,21,Male,1.4,85.6,6.0,F
S0820,22,Male,5.2,91.2,55.0,C
S0090,24,Female,4.2,76.3,29.0,F
S0337,20,Female,7.9,74.1,84.0,A
S0860,19,Male,0.5,102.5,0.0,
S0940,18,Male,6.3,77.4,60.0,C
S0952,19,Female,8.5,87.8,86.0,A
S0884,22,Female,6.6,95.8,84.0,A
S0621,20,Female,2.9,83.1,27.0,F
S0790,22,Female,6.2,96.1,48.0,F
S0627,18,Male,6.6,93.1,76.0,B
S0095,19,Male,4.0,94.6,35.0,F
S0012,20,Male,5.1,83.3,43.0,F
S0397,18,Female,7.4,86.0,69.0,B
S0546,19,Female,4.1,79.7,50.0,F
S0044,23,Female,2.9,96.7,18.0,F
S0043,24,Male,6.4,66.6,58.0,C
S0168,20,Male,5.1,79.5,48.0,F
S0417,21,Female,3.8,92.8,50.0,F
S0877,22,Female,5.7,96.9,41.0,F
S0427,18,Female,2.7,81.3,7.0,F
S0900,18,Female,0.4,115.6,1.0,F
S0981,23,Male,5.8,82.3,62.0,C
S0976,23,Female,5.0,84.3,49.0,F
S0688,18,Male,,102.4,59.0,C
S0258,20,Female,7.6,89.8,73.0,B
S0336,22,Male,1.9,91.2,8.0,F
S0016,20,Male,3.8,67.7,28.0,F
S0645,19,Male,6.7,87.5,41.0,F
S0325,21,Male,5.3,88.3,69.0,B
S0775,23,Male,,73.6,56.0,C
S0223,23,Male,7.8,82.3,78.0,B
S0180,21,Male,,77.9,39.0,F
S0661,18,Female,3.4,63.6,29.0,F
S0522,22,Male,7.0,78.6,68.0,B
S0023,19,Male,5.7,68.0,71.0,B
S0357,20,Female,3.8,80.8,49.0,F
S0962,23,Male,6.2,81.1,40.0,F
S0906,23,Male,3.1,92.7,16.0,F
S0341,20,Male,6.4,85.0,69.0,B
S0432,24,Female,8.5,81.3,78.0,B
S0774,21,Male,8.6,91.2,79.0,B
S0851,21,Female,5.5,73.0,59.0,C
S0204,23,Male,6.1,92.8,72.0,B
S0918,24,Female,3.7,87.1,52.0,C
S0094,19,Male,6.9,89.9,56.0,C
S0571,23,Female,3.4,96.9,60.0,C
S0069,21,Female,5.8,84.0,65.0,C
S0755,19,Female,6.8,,73.0,B
S0285,19,Male,6.1,84.2,54.0,C
S0928,24,Female,6.8,88.1,78.0,B
S0435,19,Female,3.0,95.4,17.0,F
S0154,20,Female,4.0,92.2,45.0,F
S0076,20,Female,5.2,87.3,40.0,F
S0747,18,Male,1.5,82.2,8.0,F
S0447,19,Female,5.2,74.7,49.0,F
S0189,20,Female,4.6,69.6,35.0,F
S0272,21,Male,5.9,77.4,57.0,C
S0237,19,Male,5.7,90.2,59.0,C
S0488,18,Male,6.1,72.8,50.0,F
S0118,22,Male,4.6,,55.0,C
S0836,18,Female,5.5,82.1,52.0,C
S0513,21,Male,5.0,73.8,49.0,F
S0077,23,Male,6.5,87.4,70.0,B
S0686,18,Male,3.7,,25.0,F
S0127,24,Male,5.5,87.4,63.0,C
S0117,18,Male,6.8,83.8,57.0,C
S0474,18,Male,6.2,75.4,65.0,C
S0709,21,Female,2.2,85.0,40.0,F
S0058,21,Female,6.4,77.9,55.0,C
S0690,23,Female,6.6,89.2,49.0,F
S0930,22,Male,5.4,83.2,46.0,F
S0370,21,Female,5.1,,68.0,B
S0269,23,Female,3.8,95.8,53.0,C
S0047,24,Male,7.4,75.1,74.0,B
S0350,21,Male,3.0,84.2,32.0,F
S0196,23,Female,3.9,88.4,32.0,F
S0320,24,Female,8.1,79.0,79.0,B
S0852,21,Male,5.6,91.9,62.0,C
S0707,23,Female,2.5,95.9,21.0,F
S0753,19,Female,4.8,83.1,67.0,B
S0264,24,Female,3.6,101.0,26.0,F
S0444,24,Female,2.2,,6.0,F
S0959,19,Female,25.0,76.5,49.0,F
S0305,20,Female,,62.3,41.0,F
S0342,20,Male,6.2,68.7,55.0,C
S0614,21,Male,5.5,89.5,50.0,F
S0987,19,Female,5.2,87.6,48.0,F
S0150,20,Female,4.9,78.2,70.0,B
S0125,18,Female,6.0,91.4,59.0,C
S0803,20,Female,5.2,87.2,62.0,C
S0870,18,Female,0.0,86.4,84.0,A
S0051,22,Female,1.7,75.4,18.0,F
S0354,20,Male,5.8,88.7,76.0,B
S0946,18,Female,4.3,88.3,46.0,F
S0143,21,Female,3.5,94.5,37.0,F
S0471,21,Male,4.1,94.7,36.0,F
S0400,18,Female,5.5,79.1,56.0,C
S0717,18,Male,4.3,81.6,44.0,F
S0321,23,Female,1.9,88.4,11.0,F
S0020,21,Female,2.7,91.4,32.0,F
S0827,22,Male,3.9,80.4,47.0,F
S0807,18,Male,7.1,96.1,65.0,C
S0826,21,Male,6.0,99.3,53.0,C
S0408,18,Female,1.2,85.3,10.0,F
S0538,23,Male,4.9,83.5,45.0,F
S0636,19,Female,5.2,64.6,53.0,C
S0039,21,Female,6.8,,87.0,A
S0176,20,Male,6.2,85.0,61.0,C
S0246,18,Female,5.5,86.4,28.0,F
S0846,18,Male,4.5,80.0,48.0,F
S0683,24,Female,5.0,75.1,40.0,F
S0771,18,Female,4.4,99.0,50.0,F
S0969,18,Male,4.6,,54.0,C
S0155,18,Male,7.0,89.2,66.0,B
S0288,20,Female,9.0,84.6,85.0,A
S0618,18,Male,4.7,91.8,22.0,F
S0570,22,Female,4.1,97.5,36.0,F
S0760,22,Female,20.0,70.3,100.0,A+
S0018,22,Female,4.7,92.6,40.0,F
S0128,20,Male,4.5,60.8,29.0,F
S0323,20,Female,2.4,88.9,41.0,F
S0256,18,Male,4.8,81.8,43.0,F
S0689,18,Female,-0.5,82.2,6.0,F
S0985,19,Male,3.2,80.1,44.0,F
S0191,21,Male,5.8,85.8,60.0,C
S0116,22,Male,8.3,93.7,89.0,A
S0632,22,Male,6.4,77.5,70.0,B
S0607,21,Female,4.0,78.0,25.0,F
S0181,22,Male,8.6,75.0,78.0,B
S0302,19,Female,4.5,71.5,52.0,C
S0941,20,Female,6.3,81.2,52.0,C
S0729,19,Female,5.7,105.3,70.0,B
S0740,19,Female,3.2,99.3,14.0,F
S0974,22,Female,3.7,80.0,30.0,F
S0788,23,Male,4.9,88.1,57.0,C
S0518,24,Male,9.6,92.7,96.0,A+
S0412,22,Male,,104.8,49.0,F
S0046,21,Male,3.3,92.8,35.0,F
S0927,22,Female,5.9,88.4,54.0,C
S0158,24,Female,6.0,96.8,57.0,C
S0761,22,Male,5.2,83.1,47.0,F
S0172,19,Female,3.5,91.1,29.0,F
S0017,23,Female,4.0,87.1,33.0,F
S0512,24,Male,3.7,82.2,27.0,F
S0049,18,Female,7.6,82.5,69.0,B
S0992,24,Female,3.7,91.6,26.0,F
S0858,19,Female,7.6,88.3,84.0,A
S0516,21,Male,6.8,93.1,63.0,C
S0912,19,Male,5.6,87.6,67.0,B
S0481,21,Male,5.1,95.9,63.0,C
S0284,21,Male,4.7,60.9,47.0,F
S0735,20,Female,3.0,88.6,24.0,F
S0670,18,Male,3.9,85.1,42.0,F
S0226,22,Male,3.6,80.1,33.0,F
S0027,21,Male,9.7,65.4,90.0,A
S0799,24,Male,5.6,93.5,56.0,C
S0438,24,Female,5.2,89.2,49.0,F
S0970,24,Female,0.9,93.1,22.0,F
S0365,20,Male,5.3,85.3,59.0,C
S0230,23,Male,4.9,94.4,43.0,F
S0038,21,Female,2.5,99.3,13.0,F
S0986,19,Male,5.5,88.4,40.0,F
S0375,24,Female,4.4,84.9,53.0,C
S0470,18,Male,5.9,92.9,73.0,B
S0988,23,Male,0.7,72.4,4.0,F
S0868,24,Female,0.9,90.6,0.0,
S0909,18,Male,4.1,,40.0,F
S0742,21,Female,8.1,82.0,100.0,A+
S0195,20,Male,2.9,76.5,28.0,F
S0935,18,Male,3.5,68.0,44.0,F
S0882,19,Female,6.0,72.2,55.0,C
S0504,21,Female,5.8,98.2,68.0,B
S0990,20,Male,7.2,111.8,81.0,A
S0848,21,Male,5.4,79.0,63.0,C
S0580,22,Female,3.6,92.2,25.0,F
S0989,24,Male,5.0,81.5,53.0,C
S0163,19,Male,9.8,76.8,79.0,B
S0718,21,Female,5.8,77.1,54.0,C
S0153,20,Male,9.9,90.2,98.0,A+
S0697,18,Female,5.4,83.5,66.0,B
S0716,21,Female,4.6,75.8,37.0,F
S0929,22,Male,6.8,78.3,57.0,C
S0112,18,Male,2.7,102.7,16.0,F
S0227,18,Female,5.6,95.3,70.0,B
S0704,18,Female,4.4,99.1,52.0,C
S0104,18,Female,4.2,96.3,38.0,F
S0422,23,Female,6.4,50.3,53.0,C
S0420,22,Male,5.1,80.9,54.0,C
S0849,19,Male,3.4,66.9,24.0,F
S0587,18,Male,5.6,,53.0,C
S0797,21,Female,4.3,77.4,28.0,F
S0673,19,Female,9.4,71.0,96.0,A+
S0120,22,Male,3.7,88.9,32.0,F
S0054,22,Male,5.6,83.4,54.0,C
S0152,23,Male,3.6,93.6,42.0,F
S0404,20,Female,5.0,72.6,50.0,F
S0964,22,Female,5.2,61.8,43.0,F
S0208,21,Female,4.8,98.7,62.0,C
S0659,22,Male,4.1,86.0,46.0,F
S0884,22,Female,6.6,95.8,84.0,A
S0779,22,Female,4.1,77.8,45.0,F
S0009,19,Female,7.3,100.2,68.0,B
S0825,20,Male,4.5,75.5,49.0,F
S0037,19,Female,1.5,82.3,15.0,F
S0453,18,Female,6.0,74.4,54.0,C
S0652,24,Female,7.9,74.6,73.0,B
S0254,18,Male,7.4,70.8,62.0,C
S0304,24,Female,7.9,91.8,74.0,B
S0763,20,Female,3.4,102.6,34.0,F
S0572,21,Male,7.6,95.1,81.0,A
S0624,21,Male,5.1,92.7,51.0,C
S0859,21,Female,4.8,101.3,58.0,C
S0759,22,Male,2.3,72.5,20.0,F
S0263,23,Male,5.1,94.7,44.0,F
S0611,21,Male,2.3,101.1,11.0,F
S0298,21,Male,8.3,77.6,84.0,A
S0415,23,Male,2.8,76.9,29.0,F
S0151,21,Male,4.7,79.6,30.0,F
S0862,21,Male,7.0,80.1,67.0,B
S0641,24,Female,,78.1,30.0,F
S0907,20,Female,4.6,67.6,61.0,C
S0551,23,Male,7.3,100.1,71.0,B
S0808,24,Female,6.0,91.0,64.0,C
S0489,19,Male,25.0,95.6,7.0,F
S0711,19,Male,20.0,95.2,21.0,F
S0148,23,Male,7.0,79.7,63.0,C
S0147,24,Female,3.7,96.5,38.0,F
S0737,22,Male,5.7,64.1,51.0,C
S0950,24,Male,2.8,83.5,23.0,F
S0756,20,Male,3.2,98.5,34.0,F
S0660,21,Male,3.4,68.4,31.0,F
S0349,18,Female,3.3,79.4,44.0,F
S0464,19,Male,2.7,88.8,34.0,F
S0326,19,Female,3.6,81.3,27.0,F
S0187,22,Male,5.2,82.2,52.0,C
S0124,18,Female,4.3,76.6,60.0,C
S0871,18,Male,2.0,96.2,20.0,F
S0609,19,Male,5.4,102.1,48.0,F
S0144,19,Male,5.0,96.0,41.0,F
S0979,20,Female,6.0,80.8,66.0,B
S0198,19,Male,7.3,95.0,64.0,C
S0610,18,Female,4.7,82.0,49.0,F
S0280,18,Female,6.3,73.7,58.0,C
S0294,23,Male,5.9,100.5,68.0,B
S0401,22,Female,7.9,89.1,95.0,A+
S0123,24,Male,6.9,70.5,71.0,B
S0184,22,Male,6.4,78.7,62.0,C
S0203,22,Female,2.7,73.9,5.0,F
S0439,23,Female,8.2,86.1,88.0,A
S0247,19,Female,4.5,89.1,52.0,C
S0416,20,Female,3.6,94.6,38.0,F
S0793,21,Female,7.3,75.1,74.0,B
S0782,24,Male,2.9,83.8,45.0,F
S0924,22,Male,6.6,83.8,60.0,C
S0785,19,Female,7.8,90.4,71.0,B
S0905,18,Female,4.6,86.5,34.0,F
S0130,18,Female,6.4,82.3,62.0,C
S0638,20,Female,6.2,86.8,63.0,C
S0403,22,Male,5.6,98.8,48.0,F
S0801,24,Male,4.9,71.3,46.0,F
S0787,24,Male,3.7,92.8,50.0,F
S0736,24,Female,3.2,88.4,24.0,F
S0931,22,Female,6.5,78.4,67.0,B
S0220,18,Female,5.4,74.7,51.0,C
S0642,18,Female,6.0,85.0,61.0,C
S0933,19,Male,5.2,67.7,45.0,F
S0853,22,Male,8.6,98.3,84.0,A
S0824,22,Male,4.1,92.6,37.0,F
S0938,18,Female,7.3,,82.0,A
S0625,20,Male,4.8,67.8,49.0,F
S0856,21,Female,1.1,105.2,13.0,F
S0951,24,Female,7.4,98.5,66.0,B
S0387,23,Female,8.6,84.8,84.0,A
S0993,19,Female,2.2,64.0,8.0,F
S0510,21,Male,3.6,98.9,24.0,F
S0268,20,Female,5.9,93.1,56.0,C
S0837,23,Female,6.0,80.3,47.0,F
S0442,23,Male,2.6,68.3,18.0,F
S0497,18,Male,-0.8,77.9,0.0,
S0113,21,Female,4.8,81.4,31.0,F
S0692,18,Female,3.2,82.1,35.0,F
S0233,23,Female,0.5,84.3,21.0,F
S0887,19,Male,1.1,89.0,12.0,F
S0608,24,Male,4.3,76.3,44.0,F
S0672,21,Male,3.3,63.6,36.0,F
S0374,21,Male,5.8,,76.0,B
S0738,20,Male,4.6,83.1,39.0,F
S0860,19,Male,0.5,102.5,0.0,
S0234,22,Female,5.5,104.8,50.0,F
S0802,18,Female,3.5,85.3,30.0,F
S0677,23,Female,8.7,86.7,65.0,C
S0318,19,Male,1.7,78.5,24.0,F
S0649,19,Female,5.5,78.0,46.0,F
S0411,23,Female,5.6,69.6,46.0,F
S0916,18,Female,4.2,81.6,42.0,F
S0710,20,Female,,72.0,12.0,F
S0359,22,Male,4.7,,56.0,C
S0259,18,Female,4.4,81.3,57.0,C
S0745,19,Female,5.2,83.2,37.0,F
S0628,19,Female,6.2,82.3,64.0,C
S0633,21,Female,9.6,93.3,91.0,A+
S0283,22,Female,7.1,92.8,69.0,B
S0377,18,Male,6.0,91.2,67.0,B
S0385,23,Female,6.6,83.5,63.0,C
S0225,21,Male,25.0,92.3,62.0,C
S0974,22,Female,3.7,80.0,30.0,F
S0966,23,Male,4.6,101.4,37.0,F
S0473,21,Female,6.1,85.3,71.0,B
S0348,20,Female,3.1,66.1,42.0,F
S0506,18,Female,4.9,,37.0,F
S0640,20,Female,6.8,67.3,58.0,C
S0514,23,Female,3.5,74.9,38.0,F
S0798,22,Female,6.0,78.1,48.0,F
S0947,18,Female,6.8,93.8,59.0,C
S0923,24,Female,1.8,96.9,21.0,F
S0620,22,Female,6.5,102.1,62.0,C
S0873,21,Male,4.8,91.9,37.0,F
S0821,24,Male,7.0,95.4,82.0,A
S0646,19,Female,3.1,81.2,28.0,F
S0864,18,Male,3.3,79.5,30.0,F
S0557,24,Male,7.8,76.7,70.0,B
S0978,20,Male,3.8,70.3,42.0,F
S0578,23,Female,4.1,87.8,49.0,F
S0796,21,Female,5.2,74.9,45.0,F
S0086,19,Female,2.1,87.5,11.0,F
S0243,21,Male,1.9,87.0,26.0,F
S0699,21,Female,8.7,77.6,71.0,B
S0160,20,Male,3.9,89.5,37.0,F
S0525,19,Female,7.4,97.5,90.0,A
S0036,24,Female,5.2,74.1,50.0,F
S0541,18,Female,2.6,73.1,27.0,F
S0171,24,Female,4.6,,35.0,F
S0655,22,Male,5.6,78.1,42.0,F
S0908,20,Female,5.8,96.1,66.0,B
S0875,21,Male,5.1,84.3,53.0,C
S0865,21,Male,3.9,92.0,38.0,F
S0963,21,Male,9.6,73.1,100.0,A+
S0734,22,Male,5.2,86.3,60.0,C
S0096,23,Female,5.3,66.8,41.0,F
S0564,21,Female,5.1,89.0,55.0,C
S0241,23,Male,7.2,74.4,79.0,B
S0743,18,Male,3.9,84.1,32.0,F
S0575,18,Female,6.4,91.6,78.0,B
S0691,21,Female,4.1,77.2,29.0,F
S0461,24,Female,3.3,79.0,24.0,F
S0554,22,Female,,102.0,38.0,F
S0896,23,Male,6.3,98.3,59.0,C
S0207,21,Male,7.2,87.4,56.0,C
S0393,20,Female,6.0,71.6,61.0,C
S0795,19,Male,2.1,78.7,34.0,F
S0398,21,Male,8.2,90.9,73.0,B
S0767,21,Female,6.3,82.9,71.0,B
S0866,20,Male,4.2,86.6,44.0,F
S0218,23,Female,3.9,85.2,36.0,F
S0005,20,Male,4.7,76.7,48.0,F
S0769,24,Female,7.0,87.7,62.0,C
S0643,19,Male,4.5,92.9,34.0,F
S0915,24,Male,6.3,89.3,74.0,B
S0613,21,Male,5.6,89.1,51.0,C
S0739,20,Male,3.3,82.6,38.0,F
S0547,18,Female,3.3,79.9,35.0,F
S0726,22,Male,4.7,87.6,47.0,F
S0684,18,Male,7.6,90.3,73.0,B
S0099,24,Male,4.7,82.9,46.0,F
S0805,21,Female,3.1,96.6,27.0,F
S0728,19,Female,6.6,77.4,68.0,B
S0574,24,Male,2.3,,28.0,F
S0407,18,Male,2.1,69.7,27.0,F
S0503,20,Male,3.1,86.9,39.0,F
S0048,21,Female,5.7,99.8,66.0,B
S0033,18,Male,6.1,103.4,60.0,C
S0780,21,Male,9.0,90.3,82.0,A
S0840,18,Female,4.9,86.3,67.0,B
S0201,23,Male,3.1,78.5,29.0,F
S0135,22,Female,7.5,96.7,84.0,A
S0028,19,Male,6.9,92.3,66.0,B
S0948,19,Female,5.5,81.2,58.0,C
S0231,20,Female,4.7,82.7,67.0,B
S0490,24,Male,5.1,94.4,53.0,C
S0773,21,Male,5.8,92.5,68.0,B
S0379,21,Male,7.3,91.3,79.0,B
S0289,24,Female,6.9,105.2,72.0,B
S0419,22,Male,3.5,99.1,34.0,F
S0675,24,Male,5.3,89.2,50.0,F
S0392,20,Female,2.5,69.3,22.0,F
S0593,19,Male,7.9,88.2,92.0,A+
S0499,19,Male,5.6,84.4,36.0,F
S0139,18,Male,5.7,108.3,55.0,C
S0063,19,Male,,103.9,51.0,C
S0472,22,Male,7.3,93.0,56.0,C
S0648,23,Male,4.2,74.8,47.0,F
S0129,20,Male,6.4,112.2,52.0,C
S0997,18,Female,6.5,72.1,61.0,C
S0521,21,Female,4.7,85.7,38.0,F
S0839,24,Female,5.5,77.9,56.0,C
S0983,19,Male,3.4,79.7,47.0,F
S0065,19,Male,4.3,84.5,46.0,F
S0813,23,Male,5.7,70.8,79.0,B
S0015,21,Female,,96.8,66.0,B
S0157,22,Male,5.7,92.0,58.0,C
S0041,23,Female,3.3,66.8,45.0,F
S0493,23,Male,6.0,61.1,52.0,C
S0380,20,Male,4.4,72.3,31.0,F
S0188,24,Female,6.9,91.3,64.0,C
S0764,22,Male,4.4,82.2,56.0,C
S0217,24,Male,1.7,78.7,13.0,F
S0792,19,Female,4.0,72.8,34.0,F
S0053,24,Male,5.5,85.5,67.0,B
S0879,20,Male,7.4,90.6,88.0,A
S0338,24,Male,1.4,83.4,24.0,F
S0749,23,Male,5.5,90.0,68.0,B
S0720,22,Female,7.8,76.9,77.0,B
S0725,24,Male,-0.7,58.2,0.0,
S0296,20,Female,6.3,86.9,71.0,B
S0702,20,Female,5.5,89.5,73.0,B
S0252,19,Male,6.0,,53.0,C
S0727,22,Male,6.8,84.5,77.0,B
S0462,19,Male,1.8,87.3,21.0,F
S0456,20,Male,3.2,90.8,16.0,F
S0281,24,Male,5.6,82.8,52.0,C
S0816,19,Male,6.1,78.9,61.0,C
S0863,22,Male,6.1,71.5,61.0,C
S0270,19,Female,5.0,71.3,45.0,F
S0202,18,Male,6.5,86.9,59.0,C
S0162,22,Female,4.2,87.1,49.0,F
S0556,22,Female,6.8,68.4,57.0,C
S0730,24,Female,2.8,94.6,32.0,F
S0402,21,Male,1.6,69.2,36.0,F
S0703,21,Male,7.3,64.1,80.0,B
S0477,21,Female,2.6,95.8,52.0,C
S0822,22,Female,6.3,90.4,71.0,B
S0772,22,Female,5.3,89.1,55.0,C
S0106,22,Female,4.6,72.2,54.0,C
S0566,20,Male,8.4,86.9,93.0,A+
S0390,20,Female,3.4,88.4,34.0,F
S0002,21,Female,2.6,78.9,22.0,F
S0991,20,Female,4.2,72.7,30.0,F
S0741,24,Female,4.4,88.3,28.0,F
S0562,24,Female,5.3,72.1,45.0,F
S0932,19,Male,3.7,78.0,24.0,F
S0081,21,Male,5.5,90.3,43.0,F
S0206,21,Female,5.4,,58.0,C
S0035,20,Female,3.3,75.6,49.0,F
S0776,21,Male,3.3,85.6,44.0,F
S0509,21,Female,4.3,87.4,20.0,F
S0428,21,Female,2.5,89.4,32.0,F
S0455,18,Female,2.9,93.6,21.0,F
S0367,18,Male,7.8,84.2,73.0,B
S0092,19,Female,5.3,76.3,45.0,F
S0340,18,Male,6.5,90.8,77.0,B
S0898,19,Male,5.3,90.0,60.0,C
S0565,19,Male,5.2,84.2,45.0,F
S0346,18,Male,,78.8,59.0,C
S0777,24,Female,2.5,95.7,24.0,F
S0242,18,Female,3.6,95.6,34.0,F
S0014,22,Female,3.8,96.6,43.0,F
S0316,18,Male,2.9,85.5,17.0,F
S0601,19,Female,3.8,100.7,25.0,F
S0388,23,Male,3.3,80.1,38.0,F
S0274,23,Male,7.2,83.5,75.0,B
S0167,24,Male,3.2,83.1,10.0,F
S0841,22,Female,7.3,96.6,64.0,C
S0637,22,Female,8.6,90.4,89.0,A
S0647,19,Male,7.6,102.5,77.0,B
S0819,22,Male,2.6,69.7,25.0,F
S0485,24,Male,9.9,79.6,100.0,A+
S0522,22,Male,7.0,78.6,68.0,B
S0505,22,Male,3.6,103.2,48.0,F
S0832,18,Male,,85.7,45.0,F
S0244,18,Male,4.5,82.2,40.0,F
S0567,22,Male,4.5,87.0,51.0,C
S0876,22,Male,5.3,78.5,47.0,F
S0563,20,Female,2.6,85.9,37.0,F
S0973,24,Male,3.2,73.2,30.0,F
S0687,23,Female,6.9,86.1,43.0,F
S0958,20,Female,0.2,92.8,0.0,
S0190,22,Female,7.6,83.7,73.0,B
S0783,20,Female,3.6,88.6,36.0,F
S0700,22,Male,2.8,78.0,32.0,F
S0476,23,Female,4.5,86.6,43.0,F
S0682,22,Female,6.7,88.6,59.0,C
S0511,22,Female,,75.0,58.0,C
S0059,18,Male,6.0,96.1,52.0,C
S0475,23,Male,4.0,61.9,37.0,F
S0561,22,Male,3.7,94.5,37.0,F
S0857,19,Female,4.7,94.7,33.0,F
S0748,22,Male,2.9,,13.0,F
S0253,20,Female,6.7,71.0,80.0,B
S0022,23,Female,7.1,77.6,75.0,B
S0314,20,Male,4.5,84.6,21.0,F
S0460,19,Male,6.4,67.8,60.0,C
S0161,18,Female,4.5,77.3,31.0,F
S0277,24,Male,3.3,67.6,27.0,F
S0956,23,Male,5.1,85.2,52.0,C
S0192,22,Female,9.4,85.2,95.0,A+
S0386,23,Female,3.9,76.3,18.0,F
S0806,23,Male,5.0,80.8,57.0,C
S0414,22,Male,6.1,111.3,63.0,C
S0492,22,Male,20.0,85.9,43.0,F
S0344,21,Male,5.8,87.2,47.0,F
S0770,24,Female,10.3,100.1,86.0,A
S0309,18,Male,7.1,77.6,71.0,B
S0662,22,Male,0.8,90.3,14.0,F
S0131,20,Male,5.9,96.9,60.0,C
S0664,18,Female,5.7,80.3,40.0,F
S0872,22,Female,7.5,90.5,85.0,A
S0100,24,Female,0.9,108.3,14.0,F
S0373,22,Female,7.4,87.3,57.0,C
S0088,23,Male,5.8,97.3,68.0,B
S0459,22,Female,5.2,99.6,44.0,F
S0331,19,Male,5.1,91.4,48.0,F
S0215,21,Female,4.8,88.4,46.0,F
S0467,21,Female,5.5,90.7,55.0,C
S0122,18,Female,4.5,95.5,26.0,F
S0615,19,Female,6.7,71.0,62.0,C
S0021,23,Male,6.6,85.6,69.0,B
S0701,18,Female,4.3,86.1,49.0,F
S0072,24,Female,5.0,81.4,48.0,F
S0107,22,Female,6.3,84.7,72.0,B
S0271,22,Male,5.3,100.5,45.0,F
S0861,21,Female,4.0,102.7,30.0,F
S0436,18,Female,6.3,92.4,55.0,C
S0103,21,Female,1.6,104.6,37.0,F
